use milktea_deliver
go

insert into business
(bno,bname,bhome,btel)
values
('2001','亿点点','南大和园1号','88688688'),
('2002','odo','南大和园2号','23323333'),
('2003','厝内晓娟村','南大和园3号','66666666')
go

insert into customer
(cno,cname,chome,ctel)
values
('1','Emma','图书馆二楼','13962262234'),
('2','Olivia'	,'图书馆三楼','13918991377'),
('3','Sophia','图书馆五楼','13815675201'),
('4','James','图书馆二楼','15713912345'),
('5','Jacob','图书馆四楼','13813771517'),
('6','Emily','图书馆三楼','13600360589'),
('7','George','图书馆五楼','13770052897'),
('8','Mary','图书馆五楼','13862262005'),
('9','Tim','图书馆二楼','15600789456'),
('10','Jessie','图书馆二楼','15469237847')
go

insert into deliveryman
(dno,dname,dtel,dsatis,dtime)
values
('1001','小李','15151617189',4.67,96.33),
('1002','小王','13771388139',4.83,97.67),
('1003','小张','13815003628',4.56,95.75),
('1004','小钱','18610086114',4.77,96.67),
('1005','小孙','15906247001',4.33,95.54)
go


insert into milktea
(mno,mname,bno,mprice,msize)
values
('21011','四季奶青','2001','10','中杯'),
('21012','四季奶青','2001','13','大杯'),
('21021','乌龙奶绿','2001','10','中杯'),
('21022','乌龙奶绿','2001','13','大杯'),
('21031','焦糖奶茶','2001','11','中杯'),
('21032','焦糖奶茶','2001','14','大杯'),
('21041','抹茶奶茶','2001','13','中杯'),
('21042','抹茶奶茶','2001','17','大杯'),
('21051','四季玛奇朵','2001','12','中杯'),
('21052','四季玛奇朵','2001','15','大杯'),
('22011','珍珠奶茶','2002','10','中杯'),
('22012','珍珠奶茶','2002','12','大杯'),
('22021','奶茶三兄弟','2002','11','中杯'),
('22022','奶茶三兄弟','2002','13','大杯'),
('22031','布丁奶茶','2002','10','中杯'),
('22032','布丁奶茶','2002','12','大杯'),
('22041','红豆奶茶','2002','10','中杯'),
('22042','红豆奶茶','2002','12','大杯'),
('22051','双拼奶茶','2002','10','中杯'),
('22052','双拼奶茶','2002','12','大杯'),
('23011','绢豆腐奶茶','2003','10','中杯'),
('23012','绢豆腐奶茶','2003','12','大杯'),
('23021','不知春奶茶','2003','10','中杯'),
('23022','不知春奶茶','2003','12','大杯'),
('23031','芒果冰沙','2003','18','中杯'),
('23032','芒果冰沙','2003','20','大杯'),
('23041','不知春茶','2003','7','中杯'),
('23042','不知春茶','2003','9','大杯'),
('23051','三喜奶茶','2003','12','中杯'),
('23052','三喜奶茶','2003','14','大杯')
go
use milktea_deliver
insert into ordering
(oid,cno,mno,otime,oway,ofee,oco,osta,mtem,msweet)
values
('1210121001','1','21012','2020-12-24 10:01','支付宝','2','5','已完成','常温','半糖'),
('2220321010','2','22032','2020-12-24 10:10','支付宝','2','5','已完成','去冰','半糖'),
('5220411102','5','22041','2020-12-24 11:02','支付宝','2','4','已完成','加冰','全糖'),
('3220511107','3','22051','2020-12-24 11:07','微信','2','5','已完成','常温','三分糖'),
('4230111130','4','23011','2020-12-24 11:30','微信','2','3','已完成','去冰','七分糖'),
('2230211740','2','23021','2020-12-24 17:40','微信','2','4','已接单','常温','无糖'),
('3210211728','3','21021','2020-12-24 17:28','支付宝','2','5','已接单','去冰','半糖'),
('1210421737','1','21042','2020-12-24 17:37','微信','2','4','已完成','热','全糖'),
('5210521806','5','21052','2020-12-24 18:06','支付宝','2','5','已接单','常温','无糖'),
('4220221932','4','22011','2020-12-24 19:32','支付宝','2','3','已完成','去冰','三分糖'),
('6230521925','6','23052','2020-12-24 19:25','支付宝','2',null,'已完成','去冰','半糖'),
('6230422002','6','23042','2020-12-24 20:02','支付宝','2',null,'已完成','常温','三分糖'),
('7230422010','7','23042','2020-12-24 20:10','微信','2',null,'已接单','常温','半糖')
go


insert into deliver
(oid,cno,dno,exptime,actime,satis,tip)
values
('1210121001','1','1001','2020-12-24 10:31','2020-12-24 10:29',5,4.5),
('2220321010','2','1001','2020-12-24 10:40','2020-12-24 10:39',5,0),
('5220411102','5','1002','2020-12-24 11:42','2020-12-24 11:42',4,0),
('3220511107','3','1002','2020-12-24 11:37','2020-12-24 11:35',5,0),
('4230111130','4','1003','2020-12-24 12:00','2020-12-24 11:58',5,3),
('2230211740','2','1004','2020-12-24 18:10','2020-12-24 18:08',5,3),
('3210211728','3','1005','2020-12-24 17:58','2020-12-24 17:58',5,0),
('1210421737','1','1004','2020-12-24 18:07','2020-12-24 18:08',3,0),
('5210521806','5','1001','2020-12-24 18:36','2020-12-24 18:35',5,2),
('4220221932','4','1002','2020-12-24 20:02','2020-12-24 20:00',5,0),
('6230521925','6','1001','2020-12-24 19:30','2020-12-24 19:50',NULL,NULL),
('6230422002','6','1003','2020-12-24 20:20','2020-12-24 20:45',NULL,NULL),
('7230422010','7','1005','2020-12-24 20:30','2020-12-24 20:50',NULL,NULL)
go

insert into pickup
(oid,bno,dno,ptime)
values
('1210121001','2001','1001','2020-12-24 10:11'),
('2220321010','2001','1001','2020-12-24  10:21'),
('5220411102','2002','1002','2020-12-24 11:20'),
('3220511107','2002','1002','2020-12-24 11:20'),
('4230111130','2003','1003','2020-12-24 11:45'),
('2230211740','2003','1004','2020-12-24 17:55'),
('3210211728','2001','1005','2020-12-24 17:40'),
('1210421737','2001','1004','2020-12-24 17:50'),
('5210521806','2001','1001','2020-12-24 18:15'),
('4220221932','2002','1002','2020-12-24 19:40'),
('6230521925','2003','1001','2020-12-24 19:20'),
('6230422002','2003','1003','2020-12-24 20:15'),
('7230422010','2003','1005','2020-12-24 20:20')
go

